{"count":1,"gauges":{},"self":953.6080896,"total":974.3506844,"children":{"AgentSendState":{"count":7796,"self":0.2853693,"total":1.5802653999999998,"children":{"CollectObservations":{"count":7796,"self":1.2699449999999999,"total":1.2699449999999999,"children":null},"CollectDiscreteActionMasks":{"count":7796,"self":0.0249511,"total":0.0249511,"children":null}}},"DecideAction":{"count":7796,"self":18.9489408,"total":18.9489414,"children":null},"AgentAct":{"count":7796,"self":0.2123968,"total":0.2123968,"children":null}}}