{"count":1,"gauges":{},"self":346.2833152,"total":365.8827946,"children":{"AgentSendState":{"count":7795,"self":0.283033,"total":1.5434552,"children":{"CollectObservations":{"count":7795,"self":1.22957,"total":1.22957,"children":null},"CollectDiscreteActionMasks":{"count":7795,"self":0.0308522,"total":0.0308522,"children":null}}},"DecideAction":{"count":7795,"self":17.839783999999998,"total":17.8397844,"children":null},"AgentAct":{"count":7795,"self":0.2142557,"total":0.2142557,"children":null}}}